[
  {
    "img": "/assets/img/popupImg.png",
    "title": "PR и маркетинговое сопровождение ресторана Nikolas",
    "type": "Полное сопровождение проекта:",
    "content": "<ul>\r\n<li>Создание пула релевантных СМИ.</li>\r\n<li>Создание информационных поводов.</li>\r\n<li>Организация временного двухнедельного моно-меню раз в 1,5 - 2 месяца.</li>\r\n<li>Организация и проведение регулярных ужинов с бренд-шефом сети.</li>\r\n<li>Фотоотчеты мероприятий.</li>\r\n<li>Написание пресс-релизов.</li>\r\n<li>Организация фотосессий сезонных и временных меню.</li>\r\n<li>Организация и проведение дегустаций с ресторанными критиками и журналистами.</li>\r\n<li>Ведение соц сетей (Facebook и Instagram).</li>\r\n<li>Обработка входящих запросов журналистов.</li>\r\n</ul>",
    "result": "Создание пула из 50 релевантных журналистов, организация 3 моно-меню, проведение 5 ужинов с\n                                    бренд-шефов, проведение 13 фотосессий, выход 11 пресс-релизов, обеспечение выхода 59 публикаций,\n                                    прирост в соц сетях (Facebook 5007 подписчиков, Instagram 6383 подписчиков)"
  },
  {
    "img": "/assets/img/popupImg.png",
    "title": "PR и маркетинговое сопровождение ресторана Nikolas",
    "type": "Полное сопровождение проекта:",
    "content": "<ul>\r\n<li>Создание пула релевантных СМИ.</li>\r\n<li>Создание информационных поводов.</li>\r\n<li>Организация временного двухнедельного моно-меню раз в 1,5 - 2 месяца.</li>\r\n<li>Организация и проведение регулярных ужинов с бренд-шефом сети.</li>\r\n<li>Фотоотчеты мероприятий.</li>\r\n<li>Написание пресс-релизов.</li>\r\n<li>Организация фотосессий сезонных и временных меню.</li>\r\n<li>Организация и проведение дегустаций с ресторанными критиками и журналистами.</li>\r\n<li>Ведение соц сетей (Facebook и Instagram).</li>\r\n<li>Обработка входящих запросов журналистов.</li>\r\n</ul>",
    "result": "Создание пула из 50 релевантных журналистов, организация 3 моно-меню, проведение 5 ужинов с\n                                    бренд-шефов, проведение 13 фотосессий, выход 11 пресс-релизов, обеспечение выхода 59 публикаций,\n                                    прирост в соц сетях (Facebook 5007 подписчиков, Instagram 6383 подписчиков)"
  },
  {
    "img": "/assets/img/popupImg.png",
    "title": "PR и маркетинговое сопровождение ресторана Nikolas",
    "type": "Полное сопровождение проекта:",
    "content": "<ul>\r\n<li>Создание пула релевантных СМИ.</li>\r\n<li>Создание информационных поводов.</li>\r\n<li>Организация временного двухнедельного моно-меню раз в 1,5 - 2 месяца.</li>\r\n<li>Организация и проведение регулярных ужинов с бренд-шефом сети.</li>\r\n<li>Фотоотчеты мероприятий.</li>\r\n<li>Написание пресс-релизов.</li>\r\n<li>Организация фотосессий сезонных и временных меню.</li>\r\n<li>Организация и проведение дегустаций с ресторанными критиками и журналистами.</li>\r\n<li>Ведение соц сетей (Facebook и Instagram).</li>\r\n<li>Обработка входящих запросов журналистов.</li>\r\n</ul>",
    "result": "Создание пула из 50 релевантных журналистов, организация 3 моно-меню, проведение 5 ужинов с\n                                    бренд-шефов, проведение 13 фотосессий, выход 11 пресс-релизов, обеспечение выхода 59 публикаций,\n                                    прирост в соц сетях (Facebook 5007 подписчиков, Instagram 6383 подписчиков)"
  },
  {
    "img": "/assets/img/popupImg.png",
    "title": "PR и маркетинговое сопровождение ресторана Nikolas",
    "type": "Полное сопровождение проекта:",
    "content": "<ul>\r\n<li>Создание пула релевантных СМИ.</li>\r\n<li>Создание информационных поводов.</li>\r\n<li>Организация временного двухнедельного моно-меню раз в 1,5 - 2 месяца.</li>\r\n<li>Организация и проведение регулярных ужинов с бренд-шефом сети.</li>\r\n<li>Фотоотчеты мероприятий.</li>\r\n<li>Написание пресс-релизов.</li>\r\n<li>Организация фотосессий сезонных и временных меню.</li>\r\n<li>Организация и проведение дегустаций с ресторанными критиками и журналистами.</li>\r\n<li>Ведение соц сетей (Facebook и Instagram).</li>\r\n<li>Обработка входящих запросов журналистов.</li>\r\n</ul>",
    "result": "Создание пула из 50 релевантных журналистов, организация 3 моно-меню, проведение 5 ужинов с\n                                    бренд-шефов, проведение 13 фотосессий, выход 11 пресс-релизов, обеспечение выхода 59 публикаций,\n                                    прирост в соц сетях (Facebook 5007 подписчиков, Instagram 6383 подписчиков)"
  },
  {
    "img": "/assets/img/popupImg.png",
    "title": "PR и маркетинговое сопровождение ресторана Nikolas",
    "type": "Полное сопровождение проекта:",
    "content": "<ul>\r\n<li>Создание пула релевантных СМИ.</li>\r\n<li>Создание информационных поводов.</li>\r\n<li>Организация временного двухнедельного моно-меню раз в 1,5 - 2 месяца.</li>\r\n<li>Организация и проведение регулярных ужинов с бренд-шефом сети.</li>\r\n<li>Фотоотчеты мероприятий.</li>\r\n<li>Написание пресс-релизов.</li>\r\n<li>Организация фотосессий сезонных и временных меню.</li>\r\n<li>Организация и проведение дегустаций с ресторанными критиками и журналистами.</li>\r\n<li>Ведение соц сетей (Facebook и Instagram).</li>\r\n<li>Обработка входящих запросов журналистов.</li>\r\n</ul>",
    "result": "Создание пула из 50 релевантных журналистов, организация 3 моно-меню, проведение 5 ужинов с\n                                    бренд-шефов, проведение 13 фотосессий, выход 11 пресс-релизов, обеспечение выхода 59 публикаций,\n                                    прирост в соц сетях (Facebook 5007 подписчиков, Instagram 6383 подписчиков)"
  }
]