{"v":"5.6.3","fr":29.9700012207031,"ip":0,"op":120.0000048877,"w":830,"h":770,"nm":"рус проба","ddd":0,"assets":[],"fonts":{"list":[{"fName":"OpenSans-Extrabold","fFamily":"Open Sans","fStyle":"Extrabold","ascent":75.9765625}]},"layers":[{"ddd":0,"ind":1,"ty":5,"nm":"СВОБОДА  БЫТЬ ОСОБЕННЫМ","sr":1,"ks":{"o":{"a":0,"k":100,"ix":11},"r":{"a":0,"k":-90,"ix":10},"p":{"a":0,"k":[108,696,0],"ix":2},"a":{"a":0,"k":[-590,-18,0],"ix":1},"s":{"a":0,"k":[100,100,100],"ix":6}},"ao":0,"hasMask":true,"masksProperties":[{"inv":false,"mode":"n","pt":{"a":0,"k":{"i":[[0,0],[-77,1.5],[-2.875,-32.125],[0,0]],"o":[[0,0],[21.5,-0.875],[-0.875,204.625],[0,0]],"v":[[-595.25,-3],[-59.625,-3.5],[-7.875,21.625],[-7.5,613.75]],"c":false},"ix":1},"o":{"a":0,"k":100,"ix":3},"x":{"a":0,"k":2,"ix":4},"nm":"Маска 1"}],"t":{"d":{"k":[{"s":{"s":78,"f":"OpenSans-Extrabold","t":"СВОБОДА  БЫТЬ ОСОБЕННЫМ","j":2,"tr":0,"lh":93.6,"ls":0,"fc":[0.369,0.369,0.369]},"t":0}]},"p":{"m":0,"f":{"a":1,"k":[{"i":{"x":[0.833],"y":[0.833]},"o":{"x":[0.167],"y":[0.167]},"t":0,"s":[-1274]},{"t":120.0000048877,"s":[0]}],"ix":5},"l":{"a":0,"k":0,"ix":6},"a":0,"p":1,"r":0},"m":{"g":1,"a":{"a":0,"k":[0,0],"ix":2}},"a":[]},"ip":0,"op":300.00001221925,"st":0,"bm":0}],"markers":[],"chars":[{"ch":"С","size":78,"style":"Extrabold","w":64.89,"data":{"shapes":[{"ty":"gr","it":[{"ind":0,"ty":"sh","ix":1,"ks":{"a":0,"k":{"i":[[-2.637,-0.846],[-2.637,-1.237],[0,0],[7.715,0],[5.225,-3.011],[2.783,-5.598],[0,-7.389],[-5.746,-6.25],[-10.775,0],[-5.957,2.637],[0,0],[2.962,-0.879],[3.157,0],[0,13.737],[-2.572,3.76],[-4.59,0]],"o":[[2.637,0.847],[0,0],[-7.031,-3.352],[-7.064,0],[-5.225,3.011],[-2.783,5.599],[0,11.816],[5.745,6.25],[7.52,0],[0,0],[-2.995,1.237],[-2.962,0.879],[-10.449,0],[0,-6.608],[2.571,-3.76],[3.027,0]],"v":[[47.998,-55.322],[55.908,-52.197],[61.816,-67.383],[39.697,-72.412],[21.265,-67.896],[9.253,-54.98],[5.078,-35.498],[13.696,-8.398],[38.477,0.977],[58.691,-2.979],[58.691,-19.287],[49.756,-16.113],[40.576,-14.795],[24.902,-35.4],[28.76,-50.952],[39.502,-56.592]],"c":true},"ix":2},"nm":"С","mn":"ADBE Vector Shape - Group","hd":false}],"nm":"С","np":3,"cix":2,"bm":0,"ix":1,"mn":"ADBE Vector Group","hd":false}]},"fFamily":"Open Sans"},{"ch":"В","size":78,"style":"Extrabold","w":67.38,"data":{"shapes":[{"ty":"gr","it":[{"ind":0,"ty":"sh","ix":1,"ks":{"a":0,"k":{"i":[[0,0],[0,0],[-4.867,3.728],[0,6.478],[1.985,2.734],[4.427,1.172],[0,0],[-2.051,2.832],[0,4.004],[4.704,2.881],[9.7,0],[0,0]],"o":[[0,0],[8.398,0],[4.866,-3.727],[0,-4.362],[-1.986,-2.734],[0,0],[3.352,-0.813],[2.051,-2.832],[0,-6.087],[-4.704,-2.881],[0,0],[0,0]],"v":[[7.715,0],[35.498,0],[55.396,-5.591],[62.695,-20.898],[59.717,-31.543],[50.098,-37.402],[50.098,-37.891],[58.203,-43.359],[61.279,-53.613],[54.224,-67.065],[32.617,-71.387],[7.715,-71.387]],"c":true},"ix":2},"nm":"В","mn":"ADBE Vector Shape - Group","hd":false},{"ind":1,"ty":"sh","ix":2,"ks":{"a":0,"k":{"i":[[0,0],[0,0],[0,-4.004],[1.514,-1.139],[2.766,0],[0,0]],"o":[[0,0],[6.055,0],[0,2.246],[-1.514,1.14],[0,0],[0,0]],"v":[[27.002,-56.787],[32.422,-56.787],[41.504,-50.781],[39.233,-45.703],[32.813,-43.994],[27.002,-43.994]],"c":true},"ix":2},"nm":"В","mn":"ADBE Vector Shape - Group","hd":false},{"ind":2,"ty":"sh","ix":3,"ks":{"a":0,"k":{"i":[[0,0],[-1.611,-1.27],[0,-2.376],[6.022,0],[0,0],[0,0]],"o":[[3.059,0],[1.611,1.27],[0,5.078],[0,0],[0,0],[0,0]],"v":[[33.398,-29.883],[40.405,-27.979],[42.822,-22.51],[33.789,-14.893],[27.002,-14.893],[27.002,-29.883]],"c":true},"ix":2},"nm":"В","mn":"ADBE Vector Shape - Group","hd":false}],"nm":"В","np":6,"cix":2,"bm":0,"ix":1,"mn":"ADBE Vector Group","hd":false}]},"fFamily":"Open Sans"},{"ch":"О","size":78,"style":"Extrabold","w":79.69,"data":{"shapes":[{"ty":"gr","it":[{"ind":0,"ty":"sh","ix":1,"ks":{"a":0,"k":{"i":[[5.859,6.218],[11.36,0],[5.94,-6.266],[0,-11.881],[-5.974,-6.282],[-11.198,0],[-5.892,6.25],[0,12.012]],"o":[[-5.859,-6.217],[-11.328,0],[-5.941,6.267],[0,12.012],[5.973,6.283],[11.36,0],[5.891,-6.25],[0,-12.044]],"v":[[65.723,-63.184],[39.893,-72.51],[13.989,-63.11],[5.078,-35.889],[14.038,-8.447],[39.795,0.977],[65.674,-8.398],[74.512,-35.791]],"c":true},"ix":2},"nm":"О","mn":"ADBE Vector Shape - Group","hd":false},{"ind":1,"ty":"sh","ix":2,"ks":{"a":0,"k":{"i":[[-9.668,0],[-2.393,-3.401],[0,-7.129],[2.36,-3.352],[4.883,0],[0,13.802]],"o":[[4.752,0],[2.393,3.402],[0,7.097],[-2.361,3.353],[-9.603,0],[0,-13.932]],"v":[[39.893,-56.689],[50.61,-51.587],[54.199,-35.791],[50.659,-20.117],[39.795,-15.088],[25.391,-35.791]],"c":true},"ix":2},"nm":"О","mn":"ADBE Vector Shape - Group","hd":false}],"nm":"О","np":5,"cix":2,"bm":0,"ix":1,"mn":"ADBE Vector Group","hd":false}]},"fFamily":"Open Sans"},{"ch":"Б","size":78,"style":"Extrabold","w":64.7,"data":{"shapes":[{"ty":"gr","it":[{"ind":0,"ty":"sh","ix":1,"ks":{"a":0,"k":{"i":[[5.208,3.63],[9.993,0],[0,0],[0,0],[0,0],[0,0],[0,0],[0,0],[0,0],[-5.127,3.988],[0,7.487]],"o":[[-5.209,-3.629],[0,0],[0,0],[0,0],[0,0],[0,0],[0,0],[0,0],[9.668,0],[5.127,-3.987],[0,-7.291]],"v":[[52.686,-39.575],[29.883,-45.02],[27.1,-45.02],[27.1,-55.908],[54.688,-55.908],[54.688,-71.387],[7.715,-71.387],[7.715,0],[30.615,0],[52.808,-5.981],[60.498,-23.193]],"c":true},"ix":2},"nm":"Б","mn":"ADBE Vector Shape - Group","hd":false},{"ind":1,"ty":"sh","ix":2,"ks":{"a":0,"k":{"i":[[0,0],[0,0],[-1.872,-1.237],[0,-2.604],[1.758,-1.334],[4.036,0],[0,0]],"o":[[0,0],[3.873,0],[1.871,1.237],[0,2.605],[-1.758,1.335],[0,0],[0,0]],"v":[[27.1,-30.42],[29.59,-30.42],[38.208,-28.564],[41.016,-22.803],[38.379,-16.895],[29.688,-14.893],[27.1,-14.893]],"c":true},"ix":2},"nm":"Б","mn":"ADBE Vector Shape - Group","hd":false}],"nm":"Б","np":5,"cix":2,"bm":0,"ix":1,"mn":"ADBE Vector Group","hd":false}]},"fFamily":"Open Sans"},{"ch":"Д","size":78,"style":"Extrabold","w":81.4,"data":{"shapes":[{"ty":"gr","it":[{"ind":0,"ty":"sh","ix":1,"ks":{"a":0,"k":{"i":[[0,0],[0,0],[0,0],[0,0],[2.766,-9.489],[4.264,-7.227],[0,0],[0,0],[0,0],[0,0],[0,0],[0,0],[0,0]],"o":[[0,0],[0,0],[0,0],[-0.814,10.84],[-2.767,9.489],[0,0],[0,0],[0,0],[0,0],[0,0],[0,0],[0,0],[0,0]],"v":[[79.59,-15.82],[69.824,-15.82],[69.824,-71.387],[22.217,-71.387],[16.846,-40.894],[6.299,-15.82],[0.391,-15.82],[0.391,22.217],[19.189,22.217],[19.189,0],[60.791,0],[60.791,22.217],[79.59,22.217]],"c":true},"ix":2},"nm":"Д","mn":"ADBE Vector Shape - Group","hd":false},{"ind":1,"ty":"sh","ix":2,"ks":{"a":0,"k":{"i":[[0,0],[-1.335,13.933],[0,0],[0,0]],"o":[[5.989,-12.598],[0,0],[0,0],[0,0]],"v":[[26.709,-15.82],[37.695,-55.615],[50.391,-55.615],[50.391,-15.82]],"c":true},"ix":2},"nm":"Д","mn":"ADBE Vector Shape - Group","hd":false}],"nm":"Д","np":5,"cix":2,"bm":0,"ix":1,"mn":"ADBE Vector Group","hd":false}]},"fFamily":"Open Sans"},{"ch":"А","size":78,"style":"Extrabold","w":72.61,"data":{"shapes":[{"ty":"gr","it":[{"ind":0,"ty":"sh","ix":1,"ks":{"a":0,"k":{"i":[[0,0],[0,0],[0,0],[0,0],[0,0],[0,0],[0,0],[0,0]],"o":[[0,0],[0,0],[0,0],[0,0],[0,0],[0,0],[0,0],[0,0]],"v":[[72.607,0],[49.023,-71.68],[23.291,-71.68],[0,0],[21.191,0],[24.805,-13.379],[47.998,-13.379],[51.514,0]],"c":true},"ix":2},"nm":"А","mn":"ADBE Vector Shape - Group","hd":false},{"ind":1,"ty":"sh","ix":2,"ks":{"a":0,"k":{"i":[[0,0],[-0.863,3.809],[-0.293,1.66],[-1.025,-4.134],[-0.716,-2.604],[0,0]],"o":[[2.962,-11.198],[0.862,-3.809],[0.325,1.791],[1.025,4.134],[0,0],[0,0]],"v":[[28.809,-29.199],[34.546,-51.709],[36.279,-59.912],[38.306,-51.025],[40.918,-40.918],[43.994,-29.199]],"c":true},"ix":2},"nm":"А","mn":"ADBE Vector Shape - Group","hd":false}],"nm":"А","np":5,"cix":2,"bm":0,"ix":1,"mn":"ADBE Vector Group","hd":false}]},"fFamily":"Open Sans"},{"ch":" ","size":78,"style":"Extrabold","w":25.98,"data":{},"fFamily":"Open Sans"},{"ch":"Ы","size":78,"style":"Extrabold","w":92.29,"data":{"shapes":[{"ty":"gr","it":[{"ind":0,"ty":"sh","ix":1,"ks":{"a":0,"k":{"i":[[5.225,3.76],[9.961,0],[0,0],[0,0],[0,0],[0,0],[0,0],[-5.193,4.086],[0,7.617]],"o":[[-5.225,-3.76],[0,0],[0,0],[0,0],[0,0],[0,0],[9.538,0],[5.192,-4.085],[0,-7.356]],"v":[[50.854,-40.356],[28.076,-45.996],[27.1,-45.996],[27.1,-71.387],[7.715,-71.387],[7.715,0],[28.809,0],[50.903,-6.128],[58.691,-23.682]],"c":true},"ix":2},"nm":"Ы","mn":"ADBE Vector Shape - Group","hd":false},{"ind":1,"ty":"sh","ix":2,"ks":{"a":0,"k":{"i":[[0,0],[0,0],[0,-5.403],[7.552,0],[0,0]],"o":[[0,0],[7.617,0],[0,5.599],[0,0],[0,0]],"v":[[27.1,-31.396],[27.783,-31.396],[39.209,-23.291],[27.881,-14.893],[27.1,-14.893]],"c":true},"ix":2},"nm":"Ы","mn":"ADBE Vector Shape - Group","hd":false},{"ind":2,"ty":"sh","ix":3,"ks":{"a":0,"k":{"i":[[0,0],[0,0],[0,0],[0,0]],"o":[[0,0],[0,0],[0,0],[0,0]],"v":[[84.619,-71.387],[65.186,-71.387],[65.186,0],[84.619,0]],"c":true},"ix":2},"nm":"Ы","mn":"ADBE Vector Shape - Group","hd":false}],"nm":"Ы","np":6,"cix":2,"bm":0,"ix":1,"mn":"ADBE Vector Group","hd":false}]},"fFamily":"Open Sans"},{"ch":"Т","size":78,"style":"Extrabold","w":59.08,"data":{"shapes":[{"ty":"gr","it":[{"ind":0,"ty":"sh","ix":1,"ks":{"a":0,"k":{"i":[[0,0],[0,0],[0,0],[0,0],[0,0],[0,0],[0,0],[0,0]],"o":[[0,0],[0,0],[0,0],[0,0],[0,0],[0,0],[0,0],[0,0]],"v":[[39.209,-55.615],[56.592,-55.615],[56.592,-71.387],[2.49,-71.387],[2.49,-55.615],[19.922,-55.615],[19.922,0],[39.209,0]],"c":true},"ix":2},"nm":"Т","mn":"ADBE Vector Shape - Group","hd":false}],"nm":"Т","np":3,"cix":2,"bm":0,"ix":1,"mn":"ADBE Vector Group","hd":false}]},"fFamily":"Open Sans"},{"ch":"Ь","size":78,"style":"Extrabold","w":62.3,"data":{"shapes":[{"ty":"gr","it":[{"ind":0,"ty":"sh","ix":1,"ks":{"a":0,"k":{"i":[[5.225,3.76],[9.961,0],[0,0],[0,0],[0,0],[0,0],[0,0],[-5.193,4.086],[0,7.617]],"o":[[-5.225,-3.76],[0,0],[0,0],[0,0],[0,0],[0,0],[9.538,0],[5.192,-4.085],[0,-7.356]],"v":[[50.854,-40.356],[28.076,-45.996],[27.1,-45.996],[27.1,-71.387],[7.715,-71.387],[7.715,0],[28.809,0],[50.903,-6.128],[58.691,-23.682]],"c":true},"ix":2},"nm":"Ь","mn":"ADBE Vector Shape - Group","hd":false},{"ind":1,"ty":"sh","ix":2,"ks":{"a":0,"k":{"i":[[0,0],[0,0],[0,-5.338],[7.552,0],[0,0]],"o":[[0,0],[7.617,0],[0,5.599],[0,0],[0,0]],"v":[[27.1,-31.201],[27.881,-31.201],[39.307,-23.193],[27.979,-14.795],[27.1,-14.795]],"c":true},"ix":2},"nm":"Ь","mn":"ADBE Vector Shape - Group","hd":false}],"nm":"Ь","np":5,"cix":2,"bm":0,"ix":1,"mn":"ADBE Vector Group","hd":false}]},"fFamily":"Open Sans"},{"ch":"Е","size":78,"style":"Extrabold","w":54.88,"data":{"shapes":[{"ty":"gr","it":[{"ind":0,"ty":"sh","ix":1,"ks":{"a":0,"k":{"i":[[0,0],[0,0],[0,0],[0,0],[0,0],[0,0],[0,0],[0,0],[0,0],[0,0],[0,0],[0,0]],"o":[[0,0],[0,0],[0,0],[0,0],[0,0],[0,0],[0,0],[0,0],[0,0],[0,0],[0,0],[0,0]],"v":[[50.098,-15.723],[27.002,-15.723],[27.002,-29.199],[48.389,-29.199],[48.389,-44.678],[27.002,-44.678],[27.002,-55.908],[50.098,-55.908],[50.098,-71.387],[7.715,-71.387],[7.715,0],[50.098,0]],"c":true},"ix":2},"nm":"Е","mn":"ADBE Vector Shape - Group","hd":false}],"nm":"Е","np":3,"cix":2,"bm":0,"ix":1,"mn":"ADBE Vector Group","hd":false}]},"fFamily":"Open Sans"},{"ch":"Н","size":78,"style":"Extrabold","w":76.61,"data":{"shapes":[{"ty":"gr","it":[{"ind":0,"ty":"sh","ix":1,"ks":{"a":0,"k":{"i":[[0,0],[0,0],[0,0],[0,0],[0,0],[0,0],[0,0],[0,0],[0,0],[0,0],[0,0],[0,0]],"o":[[0,0],[0,0],[0,0],[0,0],[0,0],[0,0],[0,0],[0,0],[0,0],[0,0],[0,0],[0,0]],"v":[[68.896,-71.387],[49.512,-71.387],[49.512,-44.922],[27.1,-44.922],[27.1,-71.387],[7.715,-71.387],[7.715,0],[27.1,0],[27.1,-29.102],[49.512,-29.102],[49.512,0],[68.896,0]],"c":true},"ix":2},"nm":"Н","mn":"ADBE Vector Shape - Group","hd":false}],"nm":"Н","np":3,"cix":2,"bm":0,"ix":1,"mn":"ADBE Vector Group","hd":false}]},"fFamily":"Open Sans"},{"ch":"М","size":78,"style":"Extrabold","w":96.68,"data":{"shapes":[{"ty":"gr","it":[{"ind":0,"ty":"sh","ix":1,"ks":{"a":0,"k":{"i":[[0,0],[0,0],[0,0],[0.049,-1.985],[0,-1.627],[0,0],[0,0],[0,0],[0,0],[0,0],[0,0],[0,0],[0,0],[0,0],[0,0],[0,0],[0.684,8.757],[0,0],[0,0]],"o":[[0,0],[0,0],[-0.391,7.748],[-0.049,1.986],[0,0],[0,0],[0,0],[0,0],[0,0],[0,0],[0,0],[0,0],[0,0],[0,0],[0,0],[0,-4.85],[0,0],[0,0],[0,0]],"v":[[57.178,0],[71.582,-51.318],[72.021,-51.318],[71.362,-36.719],[71.289,-31.299],[71.289,0],[89.014,0],[89.014,-71.387],[63.281,-71.387],[48.682,-20.703],[48.291,-20.703],[33.398,-71.387],[7.715,-71.387],[7.715,0],[24.805,0],[24.805,-31.006],[23.779,-51.416],[24.219,-51.416],[38.818,0]],"c":true},"ix":2},"nm":"М","mn":"ADBE Vector Shape - Group","hd":false}],"nm":"М","np":3,"cix":2,"bm":0,"ix":1,"mn":"ADBE Vector Group","hd":false}]},"fFamily":"Open Sans"}]}