{"v":"5.6.3","fr":29.9700012207031,"ip":0,"op":120.0000048877,"w":830,"h":770,"nm":"рус проба","ddd":0,"assets":[],"fonts":{"list":[{"fName":"OpenSans-Extrabold","fFamily":"Open Sans","fStyle":"Extrabold","ascent":75.9765625}]},"layers":[{"ddd":0,"ind":1,"ty":5,"nm":"Freedom  to  be  special","sr":1,"ks":{"o":{"a":0,"k":100,"ix":11},"r":{"a":0,"k":-90,"ix":10},"p":{"a":0,"k":[108,696,0],"ix":2},"a":{"a":0,"k":[-590,-18,0],"ix":1},"s":{"a":0,"k":[100,100,100],"ix":6}},"ao":0,"hasMask":true,"masksProperties":[{"inv":false,"mode":"n","pt":{"a":0,"k":{"i":[[0,0],[-77,1.5],[-2.875,-32.125],[0,0]],"o":[[0,0],[21.5,-0.875],[-0.875,204.625],[0,0]],"v":[[-595.25,-3],[-59.625,-3.5],[-7.875,21.625],[-7.5,613.75]],"c":false},"ix":1},"o":{"a":0,"k":100,"ix":3},"x":{"a":0,"k":2,"ix":4},"nm":"Маска 1"}],"t":{"d":{"k":[{"s":{"s":78,"f":"OpenSans-Extrabold","t":"FREEDOM  TO  BE  SPECIAL","j":2,"tr":87,"lh":93.6,"ls":0,"fc":[0.369,0.369,0.369]},"t":0}]},"p":{"m":0,"f":{"a":1,"k":[{"i":{"x":[0.833],"y":[0.833]},"o":{"x":[0.167],"y":[0.167]},"t":0,"s":[-1274]},{"t":120.0000048877,"s":[0]}],"ix":5},"l":{"a":0,"k":0,"ix":6},"a":0,"p":1,"r":0},"m":{"g":1,"a":{"a":0,"k":[0,0],"ix":2}},"a":[]},"ip":0,"op":300.00001221925,"st":0,"bm":0}],"markers":[],"chars":[{"ch":"F","size":78,"style":"Extrabold","w":53.91,"data":{"shapes":[{"ty":"gr","it":[{"ind":0,"ty":"sh","ix":1,"ks":{"a":0,"k":{"i":[[0,0],[0,0],[0,0],[0,0],[0,0],[0,0],[0,0],[0,0],[0,0],[0,0]],"o":[[0,0],[0,0],[0,0],[0,0],[0,0],[0,0],[0,0],[0,0],[0,0],[0,0]],"v":[[26.709,-26.807],[48.096,-26.807],[48.096,-42.285],[26.709,-42.285],[26.709,-55.908],[49.902,-55.908],[49.902,-71.387],[7.715,-71.387],[7.715,0],[26.709,0]],"c":true},"ix":2},"nm":"F","mn":"ADBE Vector Shape - Group","hd":false}],"nm":"F","np":3,"cix":2,"bm":0,"ix":1,"mn":"ADBE Vector Group","hd":false}]},"fFamily":"Open Sans"},{"ch":"R","size":78,"style":"Extrabold","w":67.68,"data":{"shapes":[{"ty":"gr","it":[{"ind":0,"ty":"sh","ix":1,"ks":{"a":0,"k":{"i":[[0,0],[0,0],[0,0],[0,0],[0,8.269],[19.401,0],[0,0],[0,0],[0,0],[0,0]],"o":[[0,0],[0,0],[0,0],[8.073,-4.524],[0,-14.063],[0,0],[0,0],[0,0],[0,0],[0,0]],"v":[[31.885,-25.977],[47.021,0],[68.896,0],[48.096,-31.104],[60.205,-50.293],[31.104,-71.387],[7.715,-71.387],[7.715,0],[27.002,0],[27.002,-25.977]],"c":true},"ix":2},"nm":"R","mn":"ADBE Vector Shape - Group","hd":false},{"ind":1,"ty":"sh","ix":2,"ks":{"a":0,"k":{"i":[[0,0],[0,0],[0,-4.915],[6.738,0],[0,0]],"o":[[0,0],[6.608,0],[0,5.957],[0,0],[0,0]],"v":[[27.002,-56.787],[30.811,-56.787],[40.723,-49.414],[30.615,-40.479],[27.002,-40.479]],"c":true},"ix":2},"nm":"R","mn":"ADBE Vector Shape - Group","hd":false}],"nm":"R","np":5,"cix":2,"bm":0,"ix":1,"mn":"ADBE Vector Group","hd":false}]},"fFamily":"Open Sans"},{"ch":"E","size":78,"style":"Extrabold","w":54.88,"data":{"shapes":[{"ty":"gr","it":[{"ind":0,"ty":"sh","ix":1,"ks":{"a":0,"k":{"i":[[0,0],[0,0],[0,0],[0,0],[0,0],[0,0],[0,0],[0,0],[0,0],[0,0],[0,0],[0,0]],"o":[[0,0],[0,0],[0,0],[0,0],[0,0],[0,0],[0,0],[0,0],[0,0],[0,0],[0,0],[0,0]],"v":[[50.098,-15.723],[27.002,-15.723],[27.002,-29.199],[48.389,-29.199],[48.389,-44.678],[27.002,-44.678],[27.002,-55.908],[50.098,-55.908],[50.098,-71.387],[7.715,-71.387],[7.715,0],[50.098,0]],"c":true},"ix":2},"nm":"E","mn":"ADBE Vector Shape - Group","hd":false}],"nm":"E","np":3,"cix":2,"bm":0,"ix":1,"mn":"ADBE Vector Group","hd":false}]},"fFamily":"Open Sans"},{"ch":"D","size":78,"style":"Extrabold","w":73.39,"data":{"shapes":[{"ty":"gr","it":[{"ind":0,"ty":"sh","ix":1,"ks":{"a":0,"k":{"i":[[6.233,5.859],[11.458,0],[0,0],[0,0],[0,0],[-6.56,6.445],[0,11.914]],"o":[[-6.234,-5.859],[0,0],[0,0],[0,0],[11.881,0],[6.559,-6.445],[0,-11.067]],"v":[[58.96,-62.598],[32.422,-71.387],[7.715,-71.387],[7.715,0],[30.811,0],[58.472,-9.668],[68.311,-37.207]],"c":true},"ix":2},"nm":"D","mn":"ADBE Vector Shape - Group","hd":false},{"ind":1,"ty":"sh","ix":2,"ks":{"a":0,"k":{"i":[[2.734,-3.401],[5.859,0],[0,0],[0,0],[0,0],[-2.588,-3.157],[0,-6.543]],"o":[[-2.734,3.402],[0,0],[0,0],[0,0],[5.273,0],[2.588,3.158],[0,6.999]],"v":[[44.189,-20.923],[31.299,-15.82],[27.002,-15.82],[27.002,-55.811],[32.617,-55.811],[44.409,-51.074],[48.291,-36.523]],"c":true},"ix":2},"nm":"D","mn":"ADBE Vector Shape - Group","hd":false}],"nm":"D","np":5,"cix":2,"bm":0,"ix":1,"mn":"ADBE Vector Group","hd":false}]},"fFamily":"Open Sans"},{"ch":"O","size":78,"style":"Extrabold","w":79.69,"data":{"shapes":[{"ty":"gr","it":[{"ind":0,"ty":"sh","ix":1,"ks":{"a":0,"k":{"i":[[5.859,6.218],[11.36,0],[5.94,-6.266],[0,-11.881],[-5.974,-6.282],[-11.198,0],[-5.892,6.25],[0,12.012]],"o":[[-5.859,-6.217],[-11.328,0],[-5.941,6.267],[0,12.012],[5.973,6.283],[11.36,0],[5.891,-6.25],[0,-12.044]],"v":[[65.723,-63.184],[39.893,-72.51],[13.989,-63.11],[5.078,-35.889],[14.038,-8.447],[39.795,0.977],[65.674,-8.398],[74.512,-35.791]],"c":true},"ix":2},"nm":"O","mn":"ADBE Vector Shape - Group","hd":false},{"ind":1,"ty":"sh","ix":2,"ks":{"a":0,"k":{"i":[[-9.668,0],[-2.393,-3.401],[0,-7.129],[2.36,-3.352],[4.883,0],[0,13.802]],"o":[[4.752,0],[2.393,3.402],[0,7.097],[-2.361,3.353],[-9.603,0],[0,-13.932]],"v":[[39.893,-56.689],[50.61,-51.587],[54.199,-35.791],[50.659,-20.117],[39.795,-15.088],[25.391,-35.791]],"c":true},"ix":2},"nm":"O","mn":"ADBE Vector Shape - Group","hd":false}],"nm":"O","np":5,"cix":2,"bm":0,"ix":1,"mn":"ADBE Vector Group","hd":false}]},"fFamily":"Open Sans"},{"ch":"M","size":78,"style":"Extrabold","w":96.68,"data":{"shapes":[{"ty":"gr","it":[{"ind":0,"ty":"sh","ix":1,"ks":{"a":0,"k":{"i":[[0,0],[0,0],[0,0],[0.049,-1.985],[0,-1.627],[0,0],[0,0],[0,0],[0,0],[0,0],[0,0],[0,0],[0,0],[0,0],[0,0],[0,0],[0.684,8.757],[0,0],[0,0]],"o":[[0,0],[0,0],[-0.391,7.748],[-0.049,1.986],[0,0],[0,0],[0,0],[0,0],[0,0],[0,0],[0,0],[0,0],[0,0],[0,0],[0,0],[0,-4.85],[0,0],[0,0],[0,0]],"v":[[57.178,0],[71.582,-51.318],[72.021,-51.318],[71.362,-36.719],[71.289,-31.299],[71.289,0],[89.014,0],[89.014,-71.387],[63.281,-71.387],[48.682,-20.703],[48.291,-20.703],[33.398,-71.387],[7.715,-71.387],[7.715,0],[24.805,0],[24.805,-31.006],[23.779,-51.416],[24.219,-51.416],[38.818,0]],"c":true},"ix":2},"nm":"M","mn":"ADBE Vector Shape - Group","hd":false}],"nm":"M","np":3,"cix":2,"bm":0,"ix":1,"mn":"ADBE Vector Group","hd":false}]},"fFamily":"Open Sans"},{"ch":" ","size":78,"style":"Extrabold","w":25.98,"data":{},"fFamily":"Open Sans"},{"ch":"T","size":78,"style":"Extrabold","w":59.08,"data":{"shapes":[{"ty":"gr","it":[{"ind":0,"ty":"sh","ix":1,"ks":{"a":0,"k":{"i":[[0,0],[0,0],[0,0],[0,0],[0,0],[0,0],[0,0],[0,0]],"o":[[0,0],[0,0],[0,0],[0,0],[0,0],[0,0],[0,0],[0,0]],"v":[[39.209,-55.615],[56.592,-55.615],[56.592,-71.387],[2.49,-71.387],[2.49,-55.615],[19.922,-55.615],[19.922,0],[39.209,0]],"c":true},"ix":2},"nm":"T","mn":"ADBE Vector Shape - Group","hd":false}],"nm":"T","np":3,"cix":2,"bm":0,"ix":1,"mn":"ADBE Vector Group","hd":false}]},"fFamily":"Open Sans"},{"ch":"B","size":78,"style":"Extrabold","w":67.38,"data":{"shapes":[{"ty":"gr","it":[{"ind":0,"ty":"sh","ix":1,"ks":{"a":0,"k":{"i":[[0,0],[0,0],[-4.867,3.728],[0,6.478],[1.985,2.734],[4.427,1.172],[0,0],[-2.051,2.832],[0,4.004],[4.704,2.881],[9.7,0],[0,0]],"o":[[0,0],[8.398,0],[4.866,-3.727],[0,-4.362],[-1.986,-2.734],[0,0],[3.352,-0.813],[2.051,-2.832],[0,-6.087],[-4.704,-2.881],[0,0],[0,0]],"v":[[7.715,0],[35.498,0],[55.396,-5.591],[62.695,-20.898],[59.717,-31.543],[50.098,-37.402],[50.098,-37.891],[58.203,-43.359],[61.279,-53.613],[54.224,-67.065],[32.617,-71.387],[7.715,-71.387]],"c":true},"ix":2},"nm":"B","mn":"ADBE Vector Shape - Group","hd":false},{"ind":1,"ty":"sh","ix":2,"ks":{"a":0,"k":{"i":[[0,0],[0,0],[0,-4.004],[1.514,-1.139],[2.766,0],[0,0]],"o":[[0,0],[6.055,0],[0,2.246],[-1.514,1.14],[0,0],[0,0]],"v":[[27.002,-56.787],[32.422,-56.787],[41.504,-50.781],[39.233,-45.703],[32.813,-43.994],[27.002,-43.994]],"c":true},"ix":2},"nm":"B","mn":"ADBE Vector Shape - Group","hd":false},{"ind":2,"ty":"sh","ix":3,"ks":{"a":0,"k":{"i":[[0,0],[-1.611,-1.27],[0,-2.376],[6.022,0],[0,0],[0,0]],"o":[[3.059,0],[1.611,1.27],[0,5.078],[0,0],[0,0],[0,0]],"v":[[33.398,-29.883],[40.405,-27.979],[42.822,-22.51],[33.789,-14.893],[27.002,-14.893],[27.002,-29.883]],"c":true},"ix":2},"nm":"B","mn":"ADBE Vector Shape - Group","hd":false}],"nm":"B","np":6,"cix":2,"bm":0,"ix":1,"mn":"ADBE Vector Group","hd":false}]},"fFamily":"Open Sans"},{"ch":"S","size":78,"style":"Extrabold","w":57.71,"data":{"shapes":[{"ty":"gr","it":[{"ind":0,"ty":"sh","ix":1,"ks":{"a":0,"k":{"i":[[2.393,3.174],[6.152,2.767],[1.448,1.107],[0,1.4],[-1.14,0.879],[-2.507,0],[-6.673,-3.059],[0,0],[7.389,0],[4.785,-3.678],[0,-6.575],[-1.123,-2.571],[-2.328,-1.985],[-4.655,-2.116],[-1.189,-0.748],[-0.537,-0.732],[0,-0.977],[1.334,-0.993],[2.864,0],[3.971,1.058],[3.678,1.888],[0,0],[-3.223,-0.667],[-4.753,0],[-4.232,1.904],[-2.246,3.435],[0,4.427]],"o":[[-2.393,-3.174],[-6.413,-2.93],[-1.449,-1.106],[0,-1.302],[1.139,-0.879],[4.85,0],[0,0],[-7.683,-3.418],[-8.366,0],[-4.785,3.679],[0,3.516],[1.123,2.572],[2.327,1.986],[5.143,2.312],[1.188,0.749],[0.537,0.732],[0,1.563],[-1.335,0.993],[-3.32,0],[-3.972,-1.057],[0,0],[3.483,1.66],[3.223,0.667],[5.696,0],[4.231,-1.904],[2.246,-3.434],[0,-4.817]],"v":[[50.806,-33.667],[37.988,-42.578],[26.196,-48.633],[24.023,-52.393],[25.732,-55.664],[31.201,-56.982],[48.486,-52.393],[54.395,-67.285],[31.787,-72.412],[12.061,-66.895],[4.883,-51.514],[6.567,-42.383],[11.743,-35.547],[22.217,-29.395],[31.714,-24.805],[34.302,-22.583],[35.107,-20.02],[33.105,-16.187],[26.807,-14.697],[15.869,-16.284],[4.395,-20.703],[4.395,-3.516],[14.453,-0.024],[26.416,0.977],[41.309,-1.88],[51.025,-9.888],[54.395,-21.68]],"c":true},"ix":2},"nm":"S","mn":"ADBE Vector Shape - Group","hd":false}],"nm":"S","np":3,"cix":2,"bm":0,"ix":1,"mn":"ADBE Vector Group","hd":false}]},"fFamily":"Open Sans"},{"ch":"P","size":78,"style":"Extrabold","w":63.18,"data":{"shapes":[{"ty":"gr","it":[{"ind":0,"ty":"sh","ix":1,"ks":{"a":0,"k":{"i":[[4.524,3.939],[9.016,0],[0,0],[0,0],[0,0],[0,0],[0,0],[-4.704,4.346],[0,7.976]],"o":[[-4.525,-3.938],[0,0],[0,0],[0,0],[0,0],[0,0],[8.659,0],[4.704,-4.346],[0,-7.259]],"v":[[52.734,-65.479],[32.422,-71.387],[7.715,-71.387],[7.715,0],[27.002,0],[27.002,-23.682],[32.422,-23.682],[52.466,-30.2],[59.521,-48.682]],"c":true},"ix":2},"nm":"P","mn":"ADBE Vector Shape - Group","hd":false},{"ind":1,"ty":"sh","ix":2,"ks":{"a":0,"k":{"i":[[0,0],[0,0],[0,-4.817],[1.709,-1.627],[2.897,0],[0,0]],"o":[[0,0],[5.338,0],[0,2.865],[-1.709,1.628],[0,0],[0,0]],"v":[[27.002,-55.811],[31.982,-55.811],[39.99,-48.584],[37.427,-41.846],[30.518,-39.404],[27.002,-39.404]],"c":true},"ix":2},"nm":"P","mn":"ADBE Vector Shape - Group","hd":false}],"nm":"P","np":5,"cix":2,"bm":0,"ix":1,"mn":"ADBE Vector Group","hd":false}]},"fFamily":"Open Sans"},{"ch":"C","size":78,"style":"Extrabold","w":64.89,"data":{"shapes":[{"ty":"gr","it":[{"ind":0,"ty":"sh","ix":1,"ks":{"a":0,"k":{"i":[[-2.637,-0.846],[-2.637,-1.237],[0,0],[7.715,0],[5.225,-3.011],[2.783,-5.598],[0,-7.389],[-5.746,-6.25],[-10.775,0],[-5.957,2.637],[0,0],[2.962,-0.879],[3.157,0],[0,13.737],[-2.572,3.76],[-4.59,0]],"o":[[2.637,0.847],[0,0],[-7.031,-3.352],[-7.064,0],[-5.225,3.011],[-2.783,5.599],[0,11.816],[5.745,6.25],[7.52,0],[0,0],[-2.995,1.237],[-2.962,0.879],[-10.449,0],[0,-6.608],[2.571,-3.76],[3.027,0]],"v":[[47.998,-55.322],[55.908,-52.197],[61.816,-67.383],[39.697,-72.412],[21.265,-67.896],[9.253,-54.98],[5.078,-35.498],[13.696,-8.398],[38.477,0.977],[58.691,-2.979],[58.691,-19.287],[49.756,-16.113],[40.576,-14.795],[24.902,-35.4],[28.76,-50.952],[39.502,-56.592]],"c":true},"ix":2},"nm":"C","mn":"ADBE Vector Shape - Group","hd":false}],"nm":"C","np":3,"cix":2,"bm":0,"ix":1,"mn":"ADBE Vector Group","hd":false}]},"fFamily":"Open Sans"},{"ch":"I","size":78,"style":"Extrabold","w":34.81,"data":{"shapes":[{"ty":"gr","it":[{"ind":0,"ty":"sh","ix":1,"ks":{"a":0,"k":{"i":[[0,0],[0,0],[0,0],[0,0]],"o":[[0,0],[0,0],[0,0],[0,0]],"v":[[27.1,0],[27.1,-71.387],[7.715,-71.387],[7.715,0]],"c":true},"ix":2},"nm":"I","mn":"ADBE Vector Shape - Group","hd":false}],"nm":"I","np":3,"cix":2,"bm":0,"ix":1,"mn":"ADBE Vector Group","hd":false}]},"fFamily":"Open Sans"},{"ch":"A","size":78,"style":"Extrabold","w":72.61,"data":{"shapes":[{"ty":"gr","it":[{"ind":0,"ty":"sh","ix":1,"ks":{"a":0,"k":{"i":[[0,0],[0,0],[0,0],[0,0],[0,0],[0,0],[0,0],[0,0]],"o":[[0,0],[0,0],[0,0],[0,0],[0,0],[0,0],[0,0],[0,0]],"v":[[72.607,0],[49.023,-71.68],[23.291,-71.68],[0,0],[21.191,0],[24.805,-13.379],[47.998,-13.379],[51.514,0]],"c":true},"ix":2},"nm":"A","mn":"ADBE Vector Shape - Group","hd":false},{"ind":1,"ty":"sh","ix":2,"ks":{"a":0,"k":{"i":[[0,0],[-0.863,3.809],[-0.293,1.66],[-1.025,-4.134],[-0.716,-2.604],[0,0]],"o":[[2.962,-11.198],[0.862,-3.809],[0.325,1.791],[1.025,4.134],[0,0],[0,0]],"v":[[28.809,-29.199],[34.546,-51.709],[36.279,-59.912],[38.306,-51.025],[40.918,-40.918],[43.994,-29.199]],"c":true},"ix":2},"nm":"A","mn":"ADBE Vector Shape - Group","hd":false}],"nm":"A","np":5,"cix":2,"bm":0,"ix":1,"mn":"ADBE Vector Group","hd":false}]},"fFamily":"Open Sans"},{"ch":"L","size":78,"style":"Extrabold","w":58.2,"data":{"shapes":[{"ty":"gr","it":[{"ind":0,"ty":"sh","ix":1,"ks":{"a":0,"k":{"i":[[0,0],[0,0],[0,0],[0,0],[0,0],[0,0]],"o":[[0,0],[0,0],[0,0],[0,0],[0,0],[0,0]],"v":[[54.492,0],[54.492,-15.576],[27.002,-15.576],[27.002,-71.387],[7.715,-71.387],[7.715,0]],"c":true},"ix":2},"nm":"L","mn":"ADBE Vector Shape - Group","hd":false}],"nm":"L","np":3,"cix":2,"bm":0,"ix":1,"mn":"ADBE Vector Group","hd":false}]},"fFamily":"Open Sans"}]}